{
   "content" : [
      {
         "path" : "scripts/entry.js"
      },
      {
         "path" : "functions/toggle_distance_indicator.mcfunction"
      },
      {
         "path" : "texts/en_US.lang"
      },
      {
         "path" : "scripts/entities/player.js"
      },
      {
         "path" : "scripts/scriptevents/scriptevents.js"
      },
      {
         "path" : "scripts/utilities/minecraft_utills_functions.js"
      },
      {
         "path" : "scripts/exports.js"
      },
      {
         "path" : "texts/languages.json"
      },
      {
         "path" : "contents.json"
      },
      {
         "path" : "manifest.json"
      },
      {
         "path" : "pack_icon.png"
      }
   ],
   "version" : 1
}
